{
  "Use Non-ASCII Font" : false,
  "Tags" : [

  ],
  "Ansi 12 Color" : {
    "Red Component" : 0.34117650985717773,
    "Color Space" : "sRGB",
    "Blue Component" : 0.99999994039535522,
    "Alpha Component" : 1,
    "Green Component" : 0.78039222955703735
  },
  "Ansi 7 Color" : {
    "Red Component" : 0.94509810209274292,
    "Color Space" : "sRGB",
    "Blue Component" : 0.94117647409439087,
    "Alpha Component" : 1,
    "Green Component" : 0.94509810209274292
  },
  "Ansi 8 Color" : {
    "Red Component" : 0.40784323215484619,
    "Color Space" : "sRGB",
    "Blue Component" : 0.40784311294555664,
    "Alpha Component" : 1,
    "Green Component" : 0.40784311294555664
  },
  "Bold Color" : {
    "Red Component" : 0.97102361917495728,
    "Color Space" : "sRGB",
    "Blue Component" : 0.97102349996566772,
    "Alpha Component" : 1,
    "Green Component" : 0.97102349996566772
  },
  "Ansi 9 Color" : {
    "Red Component" : 1,
    "Color Space" : "sRGB",
    "Blue Component" : 0.34117639064788818,
    "Alpha Component" : 1,
    "Green Component" : 0.36078426241874695
  },
  "Ansi 6 Color" : {
    "Red Component" : 0.60392171144485474,
    "Color Space" : "sRGB",
    "Blue Component" : 0.99607843160629272,
    "Alpha Component" : 1,
    "Green Component" : 0.92941170930862427
  },
  "Ansi 5 Color" : {
    "Red Component" : 1,
    "Color Space" : "sRGB",
    "Blue Component" : 0.75686269998550415,
    "Alpha Component" : 1,
    "Green Component" : 0.4156862199306488
  },
  "Rows" : 25,
  "Default Bookmark" : "No",
  "Cursor Guide Color" : {
    "Red Component" : 0.70213186740875244,
    "Color Space" : "sRGB",
    "Blue Component" : 1,
    "Alpha Component" : 0.25,
    "Green Component" : 0.9268307089805603
  },
  "Non-ASCII Anti Aliased" : true,
  "Use Bright Bold" : true,
  "Ansi 10 Color" : {
    "Red Component" : 0.35294127464294434,
    "Color Space" : "sRGB",
    "Blue Component" : 0.55686265230178833,
    "Alpha Component" : 1,
    "Green Component" : 0.96862751245498657
  },
  "Ambiguous Double Width" : false,
  "Jobs to Ignore" : [
    "rlogin",
    "ssh",
    "slogin",
    "telnet"
  ],
  "Ansi 15 Color" : {
    "Red Component" : 0.94509810209274292,
    "Color Space" : "sRGB",
    "Blue Component" : 0.94117647409439087,
    "Alpha Component" : 1,
    "Green Component" : 0.94509810209274292
  },
  "Foreground Color" : {
    "Red Component" : 0.93725490570068359,
    "Color Space" : "sRGB",
    "Blue Component" : 0.92156857252120972,
    "Alpha Component" : 1,
    "Green Component" : 0.94117647409439087
  },
  "Working Directory" : "\/Users\/dev",
  "Use Tab Color" : true,
  "Blinking Cursor" : false,
  "Disable Window Resizing" : true,
  "Sync Title" : false,
  "Prompt Before Closing 2" : false,
  "BM Growl" : true,
  "Command" : "",
  "Description" : "Default",
  "Mouse Reporting" : true,
  "Screen" : -1,
  "Selection Color" : {
    "Red Component" : 0.5725490196078431,
    "Color Space" : "sRGB",
    "Blue Component" : 0.81568627450980391,
    "Alpha Component" : 1,
    "Green Component" : 0.73333333333333328
  },
  "Columns" : 80,
  "Idle Code" : 0,
  "Ansi 13 Color" : {
    "Red Component" : 1,
    "Color Space" : "sRGB",
    "Blue Component" : 0.75686269998550415,
    "Alpha Component" : 1,
    "Green Component" : 0.4156862199306488
  },
  "Custom Command" : "No",
  "ASCII Anti Aliased" : true,
  "Non Ascii Font" : "Monaco 12",
  "Vertical Spacing" : 1,
  "Use Bold Font" : true,
  "Option Key Sends" : 0,
  "Selected Text Color" : {
    "Red Component" : 0,
    "Color Space" : "sRGB",
    "Blue Component" : 0,
    "Alpha Component" : 1,
    "Green Component" : 0
  },
  "Background Color" : {
    "Red Component" : 0.15686270594596863,
    "Color Space" : "sRGB",
    "Blue Component" : 0.21176469326019287,
    "Alpha Component" : 1,
    "Green Component" : 0.16470584273338318
  },
  "Character Encoding" : 4,
  "Ansi 11 Color" : {
    "Red Component" : 0.95294123888015747,
    "Color Space" : "sRGB",
    "Blue Component" : 0.61568623781204224,
    "Alpha Component" : 1,
    "Green Component" : 0.97647064924240112
  },
  "Use Italic Font" : true,
  "Unlimited Scrollback" : false,
  "Keyboard Map" : {
    "0xf707-0x20000-0x0" : {
      "Version" : 0,
      "Action" : 10,
      "Text" : "[1;2S",
      "Label" : ""
    },
    "0xf70d-0x20000-0x0" : {
      "Version" : 0,
      "Action" : 10,
      "Text" : "[21;2~",
      "Label" : ""
    },
    "0xf700-0x240000-0x0" : {
      "Version" : 0,
      "Action" : 10,
      "Text" : "[1;5A",
      "Label" : ""
    },
    "0xf701-0x260000-0x0" : {
      "Version" : 0,
      "Action" : 10,
      "Text" : "[1;6B",
      "Label" : ""
    },
    "0xf729-0x40000-0x0" : {
      "Version" : 0,
      "Action" : 10,
      "Text" : "[1;5H",
      "Label" : ""
    },
    "0xf702-0x300000-0x7b" : {
      "Version" : 1,
      "Action" : 11,
      "Text" : "0x01",
      "Label" : ""
    },
    "0xf70c-0x20000-0x0" : {
      "Version" : 0,
      "Action" : 10,
      "Text" : "[20;2~",
      "Label" : ""
    },
    "0xf706-0x20000-0x0" : {
      "Version" : 0,
      "Action" : 10,
      "Text" : "[1;2R",
      "Label" : ""
    },
    "0x32-0x40000-0x0" : {
      "Version" : 0,
      "Action" : 11,
      "Text" : "0x00",
      "Label" : ""
    },
    "0xf703-0x220000-0x0" : {
      "Version" : 0,
      "Action" : 10,
      "Text" : "[1;2C",
      "Label" : ""
    },
    "0x7f-0x100000-0x33" : {
      "Version" : 1,
      "Action" : 11,
      "Text" : "0x15",
      "Label" : ""
    },
    "0xf72b-0x20000-0x0" : {
      "Version" : 0,
      "Action" : 10,
      "Text" : "[1;2F",
      "Label" : ""
    },
    "0x2d-0x40000-0x0" : {
      "Version" : 0,
      "Action" : 11,
      "Text" : "0x1f",
      "Label" : ""
    },
    "0xf703-0x300000-0x7c" : {
      "Version" : 1,
      "Action" : 11,
      "Text" : "0x05",
      "Label" : ""
    },
    "0xf700-0x220000-0x0" : {
      "Version" : 0,
      "Action" : 10,
      "Text" : "[1;2A",
      "Label" : ""
    },
    "0xf701-0x240000-0x0" : {
      "Version" : 0,
      "Action" : 10,
      "Text" : "[1;5B",
      "Label" : ""
    },
    "0x34-0x40000-0x0" : {
      "Version" : 0,
      "Action" : 11,
      "Text" : "0x1c",
      "Label" : ""
    },
    "0x7f-0x80000-0x33" : {
      "Version" : 1,
      "Action" : 11,
      "Text" : "0x17",
      "Label" : ""
    },
    "0xf702-0x280000-0x7b" : {
      "Version" : 1,
      "Action" : 10,
      "Text" : "b",
      "Label" : ""
    },
    "0xf702-0x260000-0x0" : {
      "Version" : 0,
      "Action" : 10,
      "Text" : "[1;6D",
      "Label" : ""
    },
    "0xf700-0x280000-0x0" : {
      "Version" : 0,
      "Action" : 11,
      "Text" : "0x1b 0x1b 0x5b 0x41",
      "Label" : ""
    },
    "0xf70b-0x20000-0x0" : {
      "Version" : 0,
      "Action" : 10,
      "Text" : "[19;2~",
      "Label" : ""
    },
    "0xf705-0x20000-0x0" : {
      "Version" : 0,
      "Action" : 10,
      "Text" : "[1;2Q",
      "Label" : ""
    },
    "0x36-0x40000-0x0" : {
      "Version" : 0,
      "Action" : 11,
      "Text" : "0x1e",
      "Label" : ""
    },
    "0x73-0x100000-0x1" : {
      "Version" : 1,
      "Action" : 28,
      "Text" : "EF6EA70F-E4FE-4409-B250-954E2FEA554F",
      "Label" : ""
    },
    "0xf70f-0x20000-0x0" : {
      "Version" : 0,
      "Action" : 10,
      "Text" : "[24;2~",
      "Label" : ""
    },
    "0xf729-0x20000-0x0" : {
      "Version" : 0,
      "Action" : 10,
      "Text" : "[1;2H",
      "Label" : ""
    },
    "0xf703-0x280000-0x7c" : {
      "Version" : 1,
      "Action" : 10,
      "Text" : "f",
      "Label" : ""
    },
    "0x38-0x40000-0x0" : {
      "Version" : 0,
      "Action" : 11,
      "Text" : "0x7f",
      "Label" : ""
    },
    "0xf701-0x220000-0x0" : {
      "Version" : 0,
      "Action" : 10,
      "Text" : "[1;2B",
      "Label" : ""
    },
    "0xf702-0x240000-0x0" : {
      "Version" : 0,
      "Action" : 10,
      "Text" : "[1;5D",
      "Label" : ""
    },